stone,stone,stone,stone1,stone,stone,stone,stone,stone,obsidian,stone,stone,stone,stone,stone,stone,stone,stone,stone,obsidian,obsidian,stone,stone,stone,stone,stone,stone,stone,stone,stone,stone,stone,stone,stone,grassstone1,grass,grass,grass,grassstone1,grass,grass,grass,grass,grass,grass,sand,water,water,water,sand,grass,grass,grass,grass,grass,grass,grass,grass,grass,grass,grass,dirtwall,stone,stone,stone,stone1,stone,stone,obsidian,obsidian,lava,lava,lava,lava,lava,obsidian,obsidian,stone,stone,stone1,stone,stone,stone,stone,stone,dirtwall,grass,grass,grass,grass,grass,grass,grass,grass,grass,grass,grass,grass,grass,grass
stone,stone,stone,stone,stone,stone,stone,stone,stone,obsidian,stone,stone,stone,stone1,stone,stone,stone,stone,stone,obsidian,stone,stone,stone,stone,stone,stone,stone,stone,stone1,stone,stone,stone,stone,grassstone1,grassstone2,grass,grass,grass,grass,grass,grass,grass,grass,grass,grass,sand,water,water,water,sand,grass,grass,grass,grass,grass,grass,grass,grass,grass,grass,grass,grass,dirtwall,stone,stone1,stone,stone,stone,stone,obsidian,obsidian,obsidian,lava,obsidian,obsidian,obsidian,stone,stone,stone,stone,stone,stone,stone,dirtwall,dirtwall,grass,grass,grass,grass,grass,grass,grass,grass,grass,grass,grass,grass,grass,grass,grass
stone,stone,stone,stone1,stone,stone,stone,stone,stone,obsidian,obsidian,stone,stone,stone,stone,stone,stone,stone,obsidian,obsidian,stone,stone,stone,stone,stone,obsidian,obsidian,stone,stone,stone1,stone,stone,stone,grassstone1,grassstone2,grass,grass,grass,grass,grass,grass,grassstone1,grass,grass,grass,grass,sand,water,water,sand,grass,grass,grass,grass,grass,grass,grass,grass,grass,grass,grass,grass,grass,dirtwall,stone,stone,stone,stone1,stone,stone,stone,obsidian,obsidian,obsidian,stone,stone,stone,stone,stone,stone,dirtwall,dirtwall,dirtwall,grass,grass,grass,grass,grass,grass,grass,grass,grass,grass,grass,grass,grass,grass,grass,grass,grass
void,void,void,void,void,void,void,void,void,void,void,void,void,void,void,void,void,void,void,void,void,void,void,void,void,void,void,void,void,void,void,void,void,void,void,void,void,void,void,void,void,void,void,void,void,void,void,void,void,void,void,void,void,void,void,void,void,void,void,void,void,void,void,void,void,void,void,void,void,void,void,void,void,void,void,void,void,void,void,void,void,void,void,void,void,void,void,void,void,void,void,void,void,void,void,void,void,void,void,void
void,void,void,void,void,void,void,void,void,void,void,void,void,void,void,void,void,void,void,void,void,void,void,void,void,void,void,void,void,void,void,void,void,void,void,void,void,void,void,void,void,void,void,void,void,void,void,void,void,void,void,void,void,void,void,void,void,void,void,void,void,void,void,void,void,void,void,void,void,void,void,void,void,void,void,void,void,void,void,void,void,void,void,void,void,void,void,void,void,void,void,void,void,void,void,void,void,void,void,void
void,void,void,void,void,void,void,void,void,void,void,void,void,void,void,void,void,void,void,void,void,void,void,void,void,void,void,void,void,void,void,void,void,void,void,void,void,void,void,void,void,void,void,void,void,void,void,void,void,void,void,void,void,void,void,void,void,void,void,void,void,void,void,void,void,void,void,void,void,void,void,void,void,void,void,void,void,void,void,void,void,void,void,void,void,void,void,void,void,void,void,void,void,void,void,void,void,void,void,void
void,void,void,void,void,void,void,void,void,void,void,void,void,void,void,void,void,void,void,void,void,void,void,void,void,void,void,void,void,void,void,void,void,void,void,void,void,void,void,void,void,void,void,void,void,void,void,void,void,void,void,void,void,void,void,void,void,void,void,void,void,void,void,void,void,void,void,void,void,void,void,void,void,void,void,void,void,void,void,void,void,void,void,void,void,void,void,void,void,void,void,void,void,void,void,void,void,void,void,void
void,void,void,void,void,void,void,void,void,void,void,void,void,void,void,void,void,void,void,void,void,void,void,void,void,void,void,void,void,void,void,void,void,void,void,void,void,void,void,void,void,void,void,void,void,void,void,void,void,void,void,void,void,void,void,void,void,void,void,void,void,void,void,void,void,void,void,void,void,void,void,void,void,void,void,void,void,void,void,void,void,void,void,void,void,void,void,void,void,void,void,void,void,void,void,void,void,void,void,void
void,void,void,void,void,void,void,void,void,void,void,void,void,void,void,void,void,void,void,void,void,void,void,void,void,void,void,void,void,void,void,void,void,void,void,void,void,void,void,void,void,void,void,void,void,void,void,void,void,void,void,void,void,void,void,void,void,void,void,void,void,void,void,void,void,void,void,void,void,void,void,void,void,void,void,void,void,void,void,void,void,void,void,void,void,void,void,void,void,void,void,void,void,void,void,void,void,void,void,void
void,void,void,void,void,void,void,void,void,void,void,void,void,void,void,void,void,void,void,void,void,void,void,void,void,void,void,void,void,void,void,void,void,void,void,void,void,void,void,void,void,void,void,void,void,void,void,void,void,void,void,void,void,void,void,void,void,void,void,void,void,void,void,void,void,void,void,void,void,void,void,void,void,void,void,void,void,void,void,void,void,void,void,void,void,void,void,void,void,void,void,void,void,void,void,void,void,void,void,void
void,void,void,void,void,void,void,void,void,void,void,void,void,void,void,void,void,void,void,void,void,void,void,void,void,void,void,void,void,void,void,void,void,void,void,void,void,void,void,void,void,void,void,void,void,void,void,void,void,void,void,void,void,void,void,void,void,void,void,void,void,void,void,void,void,void,void,void,void,void,void,void,void,void,void,void,void,void,void,void,void,void,void,void,void,void,void,void,void,void,void,void,void,void,void,void,void,void,void,void
void,void,void,void,void,void,void,void,void,void,void,void,void,void,void,void,void,void,void,void,void,void,void,void,void,void,void,void,void,void,void,void,void,void,void,void,void,void,void,void,void,void,void,void,void,void,void,void,void,void,void,void,void,void,void,void,void,void,void,void,void,void,void,void,void,void,void,void,void,void,void,void,void,void,void,void,void,void,void,void,void,void,void,void,void,void,void,void,void,void,void,void,void,void,void,void,void,void,void,void
void,void,void,void,void,void,void,void,void,void,void,void,void,void,void,void,void,void,void,void,void,void,void,void,void,void,void,void,void,void,void,void,void,void,void,void,void,void,void,void,void,void,void,void,void,void,void,void,void,void,void,void,void,void,void,void,void,void,void,void,void,void,void,void,void,void,void,void,void,void,void,void,void,void,void,void,void,void,void,void,void,void,void,void,void,void,void,void,void,void,void,void,void,void,void,void,void,void,void,void
void,void,void,void,void,void,void,void,void,void,void,void,void,void,void,void,void,void,void,void,void,void,void,void,void,void,void,void,void,void,void,void,void,void,void,void,void,void,void,void,void,void,void,void,void,void,void,void,void,void,void,void,void,void,void,void,void,void,void,void,void,void,void,void,void,void,void,void,void,void,void,void,void,void,void,void,void,void,void,void,void,void,void,void,void,void,void,void,void,void,void,void,void,void,void,void,void,void,void,void
void,void,void,void,void,void,void,void,void,void,void,void,void,void,void,void,void,void,void,void,void,void,void,void,void,void,void,void,void,void,void,void,void,void,void,void,void,void,void,void,void,void,void,void,void,void,void,void,void,void,void,void,void,void,void,void,void,void,void,void,void,void,void,void,void,void,void,void,void,void,void,void,void,void,void,void,void,void,void,void,void,void,void,void,void,void,void,void,void,void,void,void,void,void,void,void,void,void,void,void
void,void,void,void,void,void,void,void,void,void,void,void,void,void,void,void,void,void,void,void,void,void,void,void,void,void,void,void,void,void,void,void,void,void,void,void,void,void,void,void,void,void,void,void,void,void,void,void,void,void,void,void,void,void,void,void,void,void,void,void,void,void,void,void,void,void,void,void,void,void,void,void,void,void,void,void,void,void,void,void,void,void,void,void,void,void,void,void,void,void,void,void,void,void,void,void,void,void,void,void
void,void,void,void,void,void,void,void,void,void,void,void,void,void,void,void,void,void,void,void,void,void,void,void,void,void,void,void,void,void,void,void,void,void,void,void,void,void,void,void,void,void,void,void,void,void,void,void,void,void,void,void,void,void,void,void,void,void,void,void,void,void,void,void,void,void,void,void,void,void,void,void,void,void,void,void,void,void,void,void,void,void,void,void,void,void,void,void,void,void,void,void,void,void,void,void,void,void,void,void
void,void,void,void,void,void,void,void,void,void,void,void,void,void,void,void,void,void,void,void,void,void,void,void,void,void,void,void,void,void,void,void,void,void,void,void,void,void,void,void,void,void,void,void,void,void,void,void,void,void,void,void,void,void,void,void,void,void,void,void,void,void,void,void,void,void,void,void,void,void,void,void,void,void,void,void,void,void,void,void,void,void,void,void,void,void,void,void,void,void,void,void,void,void,void,void,void,void,void,void
void,void,void,void,void,void,void,void,void,void,void,void,void,void,void,void,void,void,void,void,void,void,void,void,void,void,void,void,void,void,void,void,void,void,void,void,void,void,void,void,void,void,void,void,void,void,void,void,void,void,void,void,void,void,void,void,void,void,void,void,void,void,void,void,void,void,void,void,void,void,void,void,void,void,void,void,void,void,void,void,void,void,void,void,void,void,void,void,void,void,void,void,void,void,void,void,void,void,void,void
void,void,void,void,void,void,void,void,void,void,void,void,void,void,void,void,void,void,void,void,void,void,void,void,void,void,void,void,void,void,void,void,void,void,void,void,void,void,void,void,void,void,void,void,void,void,void,void,void,void,void,void,void,void,void,void,void,void,void,void,void,void,void,void,void,void,void,void,void,void,void,void,void,void,void,void,void,void,void,void,void,void,void,void,void,void,void,void,void,void,void,void,void,void,void,void,void,void,void,void
void,void,void,void,void,void,void,void,void,void,void,void,void,void,void,void,void,void,void,void,void,void,void,void,void,void,void,void,void,void,void,void,void,void,void,void,void,void,void,void,void,void,void,void,void,void,void,void,void,void,void,void,void,void,void,void,void,void,void,void,void,void,void,void,void,void,void,void,void,void,void,void,void,void,void,void,void,void,void,void,void,void,void,void,void,void,void,void,void,void,void,void,void,void,void,void,void,void,void,void
void,void,void,void,void,void,void,void,void,void,void,void,void,void,void,void,void,void,void,void,void,void,void,void,void,void,void,void,void,void,void,void,void,void,void,void,void,void,void,void,void,void,void,void,void,void,void,void,void,void,void,void,void,void,void,void,void,void,void,void,void,void,void,void,void,void,void,void,void,void,void,void,void,void,void,void,void,void,void,void,void,void,void,void,void,void,void,void,void,void,void,void,void,void,void,void,void,void,void,void
void,void,void,void,void,void,void,void,void,void,void,void,void,void,void,void,void,void,void,void,void,void,void,void,void,void,void,void,void,void,void,void,void,void,void,void,void,void,void,void,void,void,void,void,void,void,void,void,void,void,void,void,void,void,void,void,void,void,void,void,void,void,void,void,void,void,void,void,void,void,void,void,void,void,void,void,void,void,void,void,void,void,void,void,void,void,void,void,void,void,void,void,void,void,void,void,void,void,void,void
void,void,void,void,void,void,void,void,void,void,void,void,void,void,void,void,void,void,void,void,void,void,void,void,void,void,void,void,void,void,void,void,void,void,void,void,void,void,void,void,void,void,void,void,void,void,void,void,void,void,void,void,void,void,void,void,void,void,void,void,void,void,void,void,void,void,void,void,void,void,void,void,void,void,void,void,void,void,void,void,void,void,void,void,void,void,void,void,void,void,void,void,void,void,void,void,void,void,void,void
void,void,void,void,void,void,void,void,void,void,void,void,void,void,void,void,void,void,void,void,void,void,void,void,void,void,void,void,void,void,void,void,void,void,void,void,void,void,void,void,void,void,void,void,void,void,void,void,void,void,void,void,void,void,void,void,void,void,void,void,void,void,void,void,void,void,void,void,void,void,void,void,void,void,void,void,void,void,void,void,void,void,void,void,void,void,void,void,void,void,void,void,void,void,void,void,void,void,void,void
void,void,void,void,void,void,void,void,void,void,void,void,void,void,void,void,void,void,void,void,void,void,void,void,void,void,void,void,void,void,void,void,void,void,void,void,void,void,void,void,void,void,void,void,void,void,void,void,void,void,void,void,void,void,void,void,void,void,void,void,void,void,void,void,void,void,void,void,void,void,void,void,void,void,void,void,void,void,void,void,void,void,void,void,void,void,void,void,void,void,void,void,void,void,void,void,void,void,void,void
void,void,void,void,void,void,void,void,void,void,void,void,void,void,void,void,void,void,void,void,void,void,void,void,void,void,void,void,void,void,void,void,void,void,void,void,void,void,void,void,void,void,void,void,void,void,void,void,void,void,void,void,void,void,void,void,void,void,void,void,void,void,void,void,void,void,void,void,void,void,void,void,void,void,void,void,void,void,void,void,void,void,void,void,void,void,void,void,void,void,void,void,void,void,void,void,void,void,void,void
void,void,void,void,void,void,void,void,void,void,void,void,void,void,void,void,void,void,void,void,void,void,void,void,void,void,void,void,void,void,void,void,void,void,void,void,void,void,void,void,void,void,void,void,void,void,void,void,void,void,void,void,void,void,void,void,void,void,void,void,void,void,void,void,void,void,void,void,void,void,void,void,void,void,void,void,void,void,void,void,void,void,void,void,void,void,void,void,void,void,void,void,void,void,void,void,void,void,void,void
void,void,void,void,void,void,void,void,void,void,void,void,void,void,void,void,void,void,void,void,void,void,void,void,void,void,void,void,void,void,void,void,void,void,void,void,void,void,void,void,void,void,void,void,void,void,void,void,void,void,void,void,void,void,void,void,void,void,void,void,void,void,void,void,void,void,void,void,void,void,void,void,void,void,void,void,void,void,void,void,void,void,void,void,void,void,void,void,void,void,void,void,void,void,void,void,void,void,void,void
void,void,void,void,void,void,void,void,void,void,void,void,void,void,void,void,void,void,void,void,void,void,void,void,void,void,void,void,void,void,void,void,void,void,void,void,void,void,void,void,void,void,void,void,void,void,void,void,void,void,void,void,void,void,void,void,void,void,void,void,void,void,void,void,void,void,void,void,void,void,void,void,void,void,void,void,void,void,void,void,void,void,void,void,void,void,void,void,void,void,void,void,void,void,void,void,void,void,void,void
void,void,void,void,void,void,void,void,void,void,void,void,void,void,void,void,void,void,void,void,void,void,void,void,void,void,void,void,void,void,void,void,void,void,void,void,void,void,void,void,void,void,void,void,void,void,void,void,void,void,void,void,void,void,void,void,void,void,void,void,void,void,void,void,void,void,void,void,void,void,void,void,void,void,void,void,void,void,void,void,void,void,void,void,void,void,void,void,void,void,void,void,void,void,void,void,void,void,void,void
void,void,void,void,void,void,void,void,void,void,void,void,void,void,void,void,void,void,void,void,void,void,void,void,void,void,void,void,void,void,void,void,void,void,void,void,void,void,void,void,void,void,void,void,void,void,void,void,void,void,void,void,void,void,void,void,void,void,void,void,void,void,void,void,void,void,void,void,void,void,void,void,void,void,void,void,void,void,void,void,void,void,void,void,void,void,void,void,void,void,void,void,void,void,void,void,void,void,void,void
void,void,void,void,void,void,void,void,void,void,woodfloor,woodfloor,woodfloor,woodfloor,woodfloor,woodfloor,woodfloor,void,void,void,void,void,void,void,void,void,void,void,void,void,void,void,void,void,void,void,void,void,void,void,void,void,void,void,void,void,void,void,void,void,void,void,void,void,void,void,void,void,void,void,void,void,void,void,void,void,void,void,void,void,void,void,void,void,void,void,void,void,void,void,void,void,void,void,void,void,void,void,void,void,void,void,void,void,void,void,void,void,void,void
void,void,void,void,void,void,void,void,void,void,woodfloor,woodfloor,woodfloor,woodfloor,woodfloor,woodfloor,woodfloor,void,void,void,void,void,void,void,void,void,void,void,void,void,void,void,void,void,void,void,void,void,void,void,void,void,void,void,void,void,void,void,void,void,void,void,void,void,void,void,void,void,void,void,void,void,void,void,void,void,void,void,void,void,void,void,void,void,void,void,void,void,void,void,void,void,void,void,void,void,void,void,void,void,void,void,void,void,void,void,void,void,void,void
void,void,void,void,void,void,void,void,void,void,woodfloor,woodfloor,woodfloor,woodfloor,woodfloor,woodfloor,woodfloor,void,void,void,void,void,void,void,void,void,void,void,void,void,void,void,void,void,void,void,void,void,void,void,void,void,void,void,void,void,void,void,void,void,void,void,void,void,void,void,void,void,void,void,void,void,void,void,void,void,void,void,void,void,void,void,void,void,void,void,void,void,void,void,void,void,void,void,void,void,void,void,void,void,void,void,void,void,void,void,void,void,void,void
void,void,void,void,void,void,void,void,void,void,void,woodwalldoor,void,void,void,void,void,void,void,void,void,void,void,void,void,void,void,void,void,void,void,void,void,void,void,void,void,void,void,void,void,void,void,void,void,void,void,void,void,void,void,void,void,void,void,void,void,void,void,void,void,void,void,void,void,void,void,void,void,void,void,void,void,void,void,void,void,void,void,void,void,void,void,void,void,void,void,void,void,void,void,void,void,void,void,void,void,void,void,void
void,void,void,void,void,void,void,void,void,void,void,void,void,void,void,void,void,void,void,void,void,void,void,void,void,void,void,void,void,void,void,void,void,void,void,void,void,void,void,void,void,void,void,void,void,void,void,void,void,void,void,void,void,void,void,void,void,void,void,void,void,void,void,void,void,void,void,void,void,void,void,void,void,void,void,void,void,void,void,void,void,void,void,void,void,void,woodfloor,woodfloor,woodfloor,woodfloor,woodfloor,woodfloor,woodfloor,void,void,void,void,void,void,void
void,void,void,void,void,void,void,void,void,void,void,void,void,void,void,void,void,void,void,void,void,void,void,void,void,void,void,void,void,void,void,void,void,void,void,void,void,void,void,void,void,void,void,void,void,void,void,void,void,void,void,void,void,void,void,void,void,void,void,void,void,void,void,void,void,void,void,void,void,void,void,void,void,void,void,void,void,void,void,void,void,void,void,void,void,void,woodfloor,woodfloor,woodfloor,woodfloor,woodfloor,woodfloor,woodfloor,void,void,void,void,void,void,void
void,void,void,void,void,void,void,void,void,void,void,void,void,void,void,void,void,void,void,void,void,void,void,void,void,void,void,void,void,void,void,void,void,void,void,void,void,void,void,void,void,void,void,void,void,void,void,void,void,void,void,void,void,void,void,void,void,void,void,void,void,void,void,void,void,void,void,void,void,void,void,void,void,void,void,void,void,void,void,void,void,void,void,void,void,void,woodfloor,woodfloor,woodfloor,woodfloor,woodfloor,woodfloor,woodfloor,void,void,void,void,void,void,void
void,void,void,void,void,void,void,void,void,void,void,void,void,void,void,void,void,void,void,void,void,void,void,void,void,void,void,void,void,void,void,void,void,void,void,void,void,void,void,void,void,void,void,void,void,void,void,void,void,void,void,void,void,void,void,void,void,void,void,void,void,void,void,void,void,void,void,void,void,void,void,void,void,void,void,void,void,void,void,void,void,void,void,void,void,void,void,void,void,void,void,void,void,void,void,void,void,void,void,void
void,void,void,void,void,void,void,void,void,void,void,void,void,void,void,void,void,void,void,void,void,void,void,void,void,void,void,void,void,void,void,void,void,void,void,void,void,void,void,void,void,void,void,void,void,void,void,void,void,void,void,void,void,void,void,void,void,void,void,void,void,void,void,void,void,void,void,void,void,void,void,void,void,void,void,void,void,void,void,void,void,void,void,void,void,void,void,void,void,void,void,void,void,void,void,void,void,void,void,void
void,void,void,void,void,void,void,void,void,void,void,void,void,void,void,void,void,void,void,void,void,void,void,void,void,void,void,void,void,void,void,void,void,void,void,void,void,void,void,void,void,void,void,void,void,void,void,void,void,void,void,void,void,void,void,void,void,void,void,void,void,void,void,void,void,void,void,void,void,void,void,void,void,void,void,void,void,void,void,void,void,void,void,void,void,void,void,void,void,void,void,void,void,void,void,void,void,void,void,void
void,void,void,void,void,void,void,void,void,void,void,void,void,void,void,void,void,void,void,void,void,void,void,void,void,void,void,void,void,void,void,void,void,void,void,void,void,void,void,void,void,void,void,void,void,void,void,void,void,void,void,void,void,void,void,void,void,void,void,void,void,void,void,void,void,void,void,void,void,void,void,void,void,void,void,void,void,void,void,void,void,void,void,void,void,void,void,void,void,void,void,void,void,void,void,void,void,void,void,void
void,void,void,void,void,void,void,void,void,void,void,void,void,void,void,void,void,void,void,void,void,void,void,void,void,void,void,void,void,void,void,void,void,void,void,void,void,void,void,void,void,void,void,void,void,void,void,void,void,void,void,void,void,void,void,void,void,void,void,void,void,void,void,void,void,void,void,void,void,void,void,void,void,void,void,void,void,void,void,void,void,void,void,void,void,void,void,void,void,void,void,void,void,void,void,void,void,void,void,void
void,void,void,void,void,void,void,void,void,void,void,void,void,void,void,void,void,void,void,void,void,void,void,void,void,void,void,void,void,void,void,void,void,void,void,void,void,void,void,void,void,void,void,void,void,void,void,void,void,void,void,void,void,void,void,void,void,void,void,void,void,void,void,void,void,void,void,void,void,void,void,void,void,void,void,void,void,void,void,void,void,void,void,void,void,void,void,void,void,void,void,void,void,void,void,void,void,void,void,void
void,void,void,void,void,void,void,void,void,void,void,void,void,void,void,void,void,void,void,void,void,void,void,void,void,void,void,void,void,void,void,void,void,void,void,void,void,void,void,void,void,void,void,void,void,void,void,void,void,void,void,void,void,void,void,void,void,void,void,void,void,void,void,void,void,void,void,void,void,void,void,void,void,void,void,void,void,void,void,void,void,void,void,void,void,void,void,void,void,void,void,void,void,void,void,void,void,void,void,void
void,void,void,void,void,void,void,void,void,void,void,void,void,void,void,void,void,void,void,void,void,void,void,void,void,void,void,void,void,void,void,void,void,void,void,void,void,void,void,void,void,void,void,void,void,void,void,void,void,void,void,void,void,void,void,void,void,void,void,void,void,void,void,void,void,void,void,void,void,void,void,void,void,void,void,void,void,void,void,void,void,void,void,void,void,void,void,void,void,void,void,void,void,void,void,void,void,void,void,void
void,void,void,void,void,void,void,void,void,void,void,void,void,void,void,void,void,void,void,void,void,void,void,void,void,void,void,void,void,void,void,void,void,void,void,void,void,void,void,void,void,void,void,void,void,void,void,void,void,void,void,void,void,void,void,void,void,void,void,void,void,void,void,void,void,void,void,void,void,void,void,void,void,void,void,void,void,void,void,void,void,void,void,void,void,void,void,void,void,void,void,void,void,void,void,void,void,void,void,void
void,void,void,void,void,void,void,void,void,void,void,void,void,void,void,void,void,void,void,void,void,void,void,void,void,void,void,void,void,void,void,void,void,void,void,void,void,void,void,void,void,void,void,void,void,void,void,void,void,void,void,void,void,void,void,void,void,void,void,void,void,void,void,void,void,void,void,void,void,void,void,void,void,void,void,void,void,void,void,void,void,void,void,void,void,void,void,void,void,void,void,void,void,void,void,void,void,void,void,void
void,void,void,void,void,void,void,void,void,void,void,void,void,void,void,void,void,void,void,void,void,void,void,void,void,void,void,void,void,void,void,void,void,void,void,void,void,void,void,void,void,void,void,void,void,void,void,void,void,void,void,void,void,void,void,void,void,void,void,void,void,void,void,void,void,void,void,void,void,void,void,void,void,void,void,void,void,void,void,void,void,void,void,void,void,void,void,void,void,void,void,void,void,void,void,void,void,void,void,void
void,void,void,void,void,void,void,void,void,void,void,void,void,void,void,void,void,void,void,void,void,void,void,void,void,void,void,void,void,void,void,void,void,void,void,void,void,void,void,void,void,void,void,void,void,void,void,void,void,void,void,void,void,void,void,void,void,void,void,void,void,void,void,void,void,void,void,void,void,void,void,void,void,void,void,void,void,void,void,void,void,void,void,void,void,void,void,void,void,void,void,void,void,void,void,void,void,void,void,void
void,void,void,void,void,void,void,void,void,void,void,void,void,void,void,void,void,void,void,void,void,void,void,void,void,void,void,void,void,void,void,void,void,void,void,void,void,void,void,void,void,void,void,void,void,void,void,void,void,void,void,void,void,void,void,void,void,void,void,void,void,void,void,void,void,void,void,void,void,void,void,void,void,void,void,void,void,void,void,void,void,void,void,void,void,void,void,void,void,void,void,void,void,void,void,void,void,void,void,void
void,void,void,void,void,void,void,void,void,void,void,void,void,void,void,void,void,void,void,void,void,void,void,void,void,void,void,void,void,void,void,void,void,void,void,void,void,void,void,void,void,void,void,void,void,void,void,void,void,void,void,void,void,void,void,void,void,void,void,void,void,void,void,void,void,void,void,void,void,void,void,void,void,void,void,void,void,void,void,void,void,void,void,void,void,void,void,void,void,void,void,void,void,void,void,void,void,void,void,void
void,void,void,void,void,void,void,void,void,void,void,void,void,void,void,void,void,void,void,void,void,void,void,void,void,void,void,void,void,void,void,void,void,void,void,void,void,void,void,void,void,void,void,void,void,void,void,void,void,void,void,void,void,void,void,void,void,void,void,void,void,void,void,void,void,void,void,void,void,void,void,void,void,void,void,void,void,void,void,void,void,void,void,void,void,void,void,void,void,void,void,void,void,void,void,void,void,void,void,void
void,void,void,void,void,void,void,void,void,void,void,void,void,void,void,void,void,void,void,void,void,void,void,void,void,void,void,void,void,void,void,void,void,void,void,void,void,void,void,void,void,void,void,void,void,void,void,void,void,void,void,void,void,void,void,void,void,void,void,void,void,void,void,void,void,void,void,void,void,void,void,void,void,void,void,void,void,void,void,void,void,void,void,void,void,void,void,void,void,void,void,void,void,void,void,void,void,void,void,void
void,void,void,void,void,void,void,void,void,void,void,void,void,void,void,void,void,void,void,void,void,void,void,void,void,void,void,void,void,void,void,void,void,void,void,void,void,void,void,void,void,void,void,void,void,void,void,void,void,void,void,void,void,void,void,void,void,void,void,void,void,void,void,void,void,void,void,void,void,void,void,void,void,void,void,void,void,void,void,void,void,void,void,void,void,void,void,void,void,void,void,void,void,void,void,void,void,void,void,void
void,void,void,void,void,void,void,void,void,void,void,void,void,void,void,void,void,void,void,void,void,void,void,void,void,void,void,void,void,void,void,void,void,void,void,void,void,void,void,void,void,void,void,void,void,void,void,void,void,void,void,void,void,void,void,void,void,void,void,void,void,void,void,void,void,void,void,void,void,void,void,void,void,void,void,void,void,void,void,void,void,void,void,void,void,void,void,void,void,void,void,void,void,void,void,void,void,void,void,void
void,void,void,void,void,void,void,void,void,void,void,void,void,void,void,void,void,void,void,void,void,void,void,void,void,void,void,void,void,void,void,void,void,void,void,void,void,void,void,void,void,void,void,void,void,void,void,void,void,void,void,void,void,void,void,void,void,void,void,void,void,void,void,void,void,void,void,void,void,void,void,void,void,void,void,void,void,void,void,void,void,void,void,void,void,void,void,void,void,void,void,void,void,void,void,void,void,void,void,void
void,void,void,void,void,void,void,void,void,void,void,void,void,void,void,void,void,void,void,void,void,void,void,void,void,void,void,void,void,void,void,void,void,void,void,void,void,void,void,void,void,void,void,void,void,void,void,void,void,void,void,void,void,void,void,void,void,void,void,void,void,void,void,void,void,void,void,void,void,void,void,void,void,void,void,void,void,void,void,void,void,void,void,void,void,void,void,void,void,void,void,void,void,void,void,void,void,void,void,void
void,void,void,void,void,void,void,void,void,void,void,void,void,void,void,void,void,void,void,void,void,void,void,void,void,void,void,void,void,void,void,void,void,void,void,void,void,void,void,void,void,void,void,void,void,void,void,void,void,void,void,void,void,void,void,void,void,void,void,void,void,void,void,void,void,void,void,void,void,void,void,void,void,void,void,void,void,void,void,void,void,void,void,void,void,void,void,void,void,void,void,void,void,void,void,void,void,void,void,void
void,void,void,void,void,void,void,void,void,void,void,void,void,void,void,void,void,void,void,void,void,void,void,void,void,void,void,void,void,void,void,void,void,void,void,void,void,void,void,void,void,void,void,void,void,void,void,void,void,void,void,void,void,void,void,void,void,void,void,void,void,void,void,void,void,void,void,void,void,void,void,void,void,void,void,void,void,void,void,void,void,void,void,void,void,void,void,void,void,void,void,void,void,void,void,void,void,void,void,void
void,void,void,void,void,void,void,void,void,void,void,void,void,void,void,void,void,void,void,void,void,void,void,void,void,void,void,void,void,void,void,void,void,void,void,void,void,void,void,void,void,void,void,void,void,void,void,void,void,void,void,void,void,void,void,void,void,void,void,void,void,void,void,void,void,void,void,void,void,void,void,void,void,void,void,void,void,void,void,void,void,void,void,void,void,void,void,void,void,void,void,void,void,void,void,void,void,void,void,void
void,void,void,void,void,void,void,void,void,void,void,void,void,void,void,void,void,void,void,void,void,void,void,void,void,void,void,void,void,void,void,void,void,void,void,void,void,void,void,void,void,void,void,void,void,void,void,void,void,void,void,void,void,void,void,void,void,void,void,void,void,void,void,void,void,void,void,void,void,void,void,void,void,void,void,void,void,void,void,void,void,void,void,void,void,void,void,void,void,void,void,void,void,void,void,void,void,void,void,void
void,void,void,void,void,void,void,void,void,void,void,void,void,void,void,void,void,void,void,void,void,void,void,void,void,void,void,void,void,void,void,void,void,void,void,void,void,void,void,void,void,void,void,void,void,void,void,void,void,void,void,void,void,void,void,void,void,void,void,void,void,void,void,void,void,void,void,void,void,void,void,void,void,void,void,void,void,void,void,void,void,void,void,void,void,void,void,void,void,void,void,void,void,void,void,void,void,void,void,void
void,void,void,void,void,void,void,void,void,void,void,void,void,void,void,void,void,void,void,void,void,void,void,void,void,void,void,void,void,void,void,void,void,void,void,void,void,void,void,void,void,void,void,void,void,void,void,void,void,void,void,void,void,void,void,void,void,void,void,void,void,void,void,void,void,void,void,void,void,void,void,void,void,void,void,void,void,void,void,void,void,void,void,void,void,void,void,void,void,void,void,void,void,void,void,void,void,void,void,void
void,void,void,void,void,void,void,void,void,void,void,void,void,void,void,void,void,void,void,void,void,void,void,void,void,void,void,void,void,void,void,void,void,void,void,void,void,void,void,void,void,void,void,void,void,void,void,void,void,void,void,void,void,void,void,void,void,void,void,void,void,void,void,void,void,void,void,void,void,void,void,void,void,void,void,void,void,void,void,void,void,void,void,void,void,void,void,void,void,void,void,void,void,void,void,void,void,void,void,void
void,void,void,void,void,void,void,void,void,void,void,void,void,void,void,void,void,void,void,void,void,void,void,void,void,void,void,void,void,void,void,void,void,void,void,void,void,void,void,void,void,void,void,void,void,void,void,void,void,void,void,void,void,void,void,void,void,void,void,void,void,void,void,void,void,void,void,void,void,void,void,void,void,void,void,void,void,void,void,void,void,void,void,void,void,void,void,void,void,void,void,void,void,void,void,void,void,void,void,void
void,void,void,void,void,void,void,void,void,void,void,void,void,void,void,void,void,void,void,void,void,void,void,void,void,void,void,void,void,void,void,void,void,void,void,void,void,void,void,void,void,void,void,void,void,void,void,void,void,void,void,void,void,void,void,void,void,void,void,void,void,void,void,void,void,void,void,void,void,void,void,void,void,void,void,void,void,void,void,void,void,void,void,void,void,void,void,void,void,void,void,void,void,void,void,void,void,void,void,void
void,void,void,void,void,void,void,void,void,void,void,void,void,void,void,void,void,void,void,void,void,void,void,void,void,void,void,void,void,void,void,void,void,void,void,void,void,void,void,void,void,void,void,void,void,void,void,void,void,void,void,void,void,void,void,void,void,void,void,void,void,void,void,void,void,void,void,void,void,void,void,void,void,void,void,void,void,void,void,void,void,void,void,void,void,void,void,void,void,void,void,void,void,void,void,void,void,void,void,void
void,void,void,void,void,void,void,void,void,void,void,void,void,void,void,void,void,void,void,void,void,void,void,void,void,void,void,void,void,void,void,void,void,void,void,void,void,void,void,void,void,void,void,void,void,void,void,void,void,void,void,void,void,void,void,void,void,void,void,void,void,void,void,void,void,void,void,void,void,void,void,void,void,void,void,void,void,void,void,void,void,void,void,void,void,void,void,void,void,void,void,void,void,void,void,void,void,void,void,void
void,void,void,void,void,void,void,void,void,void,void,void,void,void,void,void,void,void,void,void,void,void,void,void,void,void,void,void,void,void,void,void,void,void,void,void,void,void,void,void,void,void,void,void,void,void,void,void,void,void,void,void,void,void,void,void,void,void,void,void,void,void,void,void,void,void,void,void,void,void,void,void,void,void,void,void,void,void,void,void,void,void,void,void,void,void,void,void,void,void,void,void,void,void,void,void,void,void,void,void
void,void,void,void,void,void,void,void,void,void,void,void,void,void,void,void,void,void,void,void,void,void,void,void,void,void,void,void,void,void,void,void,void,void,void,void,void,void,void,void,void,void,void,void,void,void,void,void,void,void,void,void,void,void,void,void,void,void,void,void,void,void,void,void,void,void,void,void,void,void,void,void,void,void,void,void,void,void,void,void,void,void,void,void,void,void,void,void,void,void,void,void,void,void,void,void,void,void,void,void
void,void,void,void,void,void,void,void,void,void,void,void,void,void,void,void,void,void,void,void,void,void,void,void,void,void,void,void,void,void,void,void,void,void,void,void,void,void,void,void,void,void,void,void,void,void,void,void,void,void,void,void,void,void,void,void,void,void,void,void,void,void,void,void,void,void,void,void,void,void,void,void,void,void,void,void,void,void,void,void,void,void,void,void,void,void,void,void,void,void,void,void,void,void,void,void,void,void,void,void
void,void,void,void,void,void,void,void,void,void,void,void,void,void,void,void,void,void,void,void,void,void,void,void,void,void,void,void,void,void,void,void,void,void,void,void,void,void,void,void,void,void,void,void,void,void,void,void,void,void,void,void,void,void,void,void,void,void,void,void,void,void,void,void,void,void,void,void,void,void,void,void,void,void,void,void,void,void,void,void,void,void,void,void,void,void,void,void,void,void,void,void,void,void,void,void,void,void,void,void
void,void,void,void,void,void,void,void,void,void,void,void,void,void,void,void,void,void,void,void,void,void,void,void,void,void,void,void,void,void,void,void,void,void,void,void,void,void,void,void,void,void,void,void,void,void,void,void,void,void,void,void,void,void,void,void,void,void,void,void,void,void,void,void,void,void,void,void,void,void,void,void,void,void,void,void,void,void,void,void,void,void,void,void,void,void,void,void,void,void,void,void,void,void,void,void,void,void,void,void
void,void,void,void,void,void,void,void,void,void,void,void,void,void,void,void,void,void,void,void,void,void,void,void,void,void,void,void,void,void,void,void,void,void,void,void,void,void,void,void,void,void,void,void,void,void,void,void,void,void,void,void,void,void,void,void,void,void,void,void,void,void,void,void,void,void,void,void,void,void,void,void,void,void,void,void,void,void,void,void,void,void,void,void,void,void,void,void,void,void,void,void,void,void,void,void,void,void,void,void
void,void,void,void,void,void,void,void,void,void,void,void,void,void,void,void,void,void,void,void,void,void,void,void,void,void,void,void,void,void,void,void,void,void,void,void,void,void,void,void,void,void,void,void,void,void,void,void,void,void,void,void,void,void,void,void,void,void,void,void,void,void,void,void,void,void,void,void,void,void,void,void,void,void,void,void,void,void,void,void,void,void,void,void,void,void,void,void,void,void,void,void,void,void,void,void,void,void,void,void
void,void,void,void,void,void,void,void,void,void,void,void,void,void,void,void,void,void,void,void,void,void,void,void,void,void,void,void,void,void,void,void,void,void,void,void,void,void,void,void,void,void,void,void,void,void,void,void,void,void,void,void,void,void,void,void,void,void,void,void,void,void,void,void,void,void,void,void,void,void,void,void,void,void,void,void,void,void,void,void,void,void,void,void,void,void,void,void,void,void,void,void,void,void,void,void,void,void,void,void
void,void,void,void,void,void,void,void,void,void,void,void,void,void,void,void,void,void,void,void,void,void,void,void,void,void,void,void,void,void,void,void,void,void,void,void,void,void,void,void,void,void,void,void,void,void,void,void,void,void,void,void,void,void,void,void,void,void,void,void,void,void,void,void,void,void,void,void,void,void,void,void,void,void,void,void,void,void,void,void,void,void,void,void,void,void,void,void,void,void,void,void,void,void,void,void,void,void,void,void
void,void,void,void,void,void,void,void,void,void,void,void,void,void,void,void,void,void,void,void,void,void,void,void,void,void,void,void,void,void,void,void,void,void,void,void,void,void,void,void,void,void,void,void,void,void,void,void,void,void,void,void,void,void,void,void,void,void,void,void,void,void,void,void,void,void,void,void,void,void,void,void,void,void,void,void,void,void,void,void,void,void,void,void,void,void,void,void,void,void,void,void,void,void,void,void,void,void,void,void
void,void,void,void,void,void,void,void,void,void,void,void,void,void,void,void,void,void,void,void,void,void,void,void,void,void,void,void,void,void,void,void,void,void,void,void,void,void,void,void,void,void,void,void,void,void,void,void,void,void,void,void,void,void,void,void,void,void,void,void,void,void,void,void,void,void,void,void,void,void,void,void,void,void,void,void,void,void,void,void,void,void,void,void,void,void,void,void,void,void,void,void,void,void,void,void,void,void,void,void
void,void,void,void,void,void,void,void,void,void,void,void,void,void,void,void,void,void,void,void,void,void,void,void,void,void,void,void,void,void,void,void,void,void,void,void,void,void,void,void,void,void,void,void,void,void,void,void,void,void,void,void,void,void,void,void,void,void,void,void,void,void,void,void,void,void,void,void,void,void,void,void,void,void,void,void,void,void,void,void,void,void,void,void,void,void,void,void,void,void,void,void,void,void,void,void,void,void,void,void
void,void,void,void,void,void,void,void,void,void,void,void,void,void,void,void,void,void,void,void,void,void,void,void,void,void,void,void,void,void,void,void,void,void,void,void,void,void,void,void,void,void,void,void,void,void,void,void,void,void,void,void,void,void,void,void,void,void,void,void,void,void,void,void,void,void,void,void,void,void,void,void,void,void,void,void,void,void,void,void,void,void,void,void,void,void,void,void,void,void,void,void,void,void,void,void,void,void,void,void
void,void,void,void,void,void,void,void,void,void,void,void,void,void,void,void,void,void,void,void,void,void,void,void,void,void,void,void,void,void,void,void,void,void,void,void,void,void,void,void,void,void,void,void,void,void,void,void,void,void,void,void,void,void,void,void,void,void,void,void,void,void,void,void,void,void,void,void,void,void,void,void,void,void,void,void,void,void,void,void,void,void,void,void,void,void,void,void,void,void,void,void,void,void,void,void,void,void,void,void
void,void,void,void,void,void,void,void,void,void,void,void,void,void,void,void,void,void,void,void,void,void,void,void,void,void,void,void,void,void,void,void,void,void,void,void,void,void,void,void,void,void,void,void,void,void,void,void,void,void,void,void,void,void,void,void,void,void,void,void,void,void,void,void,void,void,void,void,void,void,void,void,void,void,void,void,void,void,void,void,void,void,void,void,void,void,void,void,void,void,void,void,void,void,void,void,void,void,void,void
void,void,void,void,void,void,void,void,void,void,void,void,void,void,void,void,void,void,void,void,void,void,void,void,void,void,void,void,void,void,void,void,void,void,void,void,void,void,void,void,void,void,void,void,void,void,void,void,void,void,void,void,void,void,void,void,void,void,void,void,void,void,void,void,void,void,void,void,void,void,void,void,void,void,void,void,void,void,void,void,void,void,void,void,void,void,void,void,void,void,void,void,void,void,void,void,void,void,void,void
void,void,void,void,void,void,void,void,void,void,void,void,void,void,void,void,void,void,void,void,void,void,void,void,void,void,void,void,void,void,void,void,void,void,void,void,void,void,void,void,void,void,void,void,void,void,void,void,void,void,void,void,void,void,void,void,void,void,void,void,void,void,void,void,void,void,void,void,void,void,void,void,void,void,void,void,void,void,void,void,void,void,void,void,void,void,void,void,void,void,void,void,void,void,void,void,void,void,void,void
void,void,void,void,void,void,void,void,void,void,void,void,void,void,void,void,void,void,void,void,void,void,void,void,void,void,void,void,void,void,void,void,void,void,void,void,void,void,void,void,void,void,void,void,void,void,void,void,void,void,void,void,void,void,void,void,void,void,void,void,void,void,void,void,void,void,void,void,void,void,void,void,void,void,void,void,void,void,void,void,void,void,void,void,void,void,void,void,void,void,void,void,void,void,void,void,void,void,void,void
void,void,void,void,void,void,void,void,void,void,void,void,void,void,void,void,void,void,void,void,void,void,void,void,void,void,void,void,void,void,void,void,void,void,void,void,void,void,void,void,void,void,void,void,void,void,void,void,void,void,void,void,void,void,void,void,void,void,void,void,void,void,void,void,void,void,void,void,void,void,void,void,void,void,void,void,void,void,void,void,void,void,void,void,void,void,void,void,void,void,void,void,void,void,void,void,void,void,void,void
void,void,void,void,void,void,void,void,void,void,void,void,void,void,void,void,void,void,void,void,void,void,void,void,void,void,void,void,void,void,void,void,void,void,void,void,void,void,void,void,void,void,void,void,void,void,void,void,void,void,void,void,void,void,void,void,void,void,void,void,void,void,void,void,void,void,void,void,void,void,void,void,void,void,void,void,void,void,void,void,void,void,void,void,void,void,void,void,void,void,void,void,void,void,void,void,void,void,void,void
void,void,void,void,void,void,void,void,void,void,void,void,void,void,void,void,void,void,void,void,void,void,void,void,void,void,void,void,void,void,void,void,void,void,void,void,void,void,void,void,void,void,void,void,void,void,void,void,void,void,void,void,void,void,void,void,void,void,void,void,void,void,void,void,void,void,void,void,void,void,void,void,void,void,void,void,void,void,void,void,void,void,void,void,void,void,void,void,void,void,void,void,void,void,void,void,void,void,void,void
void,void,void,void,void,void,void,void,void,void,void,void,void,void,void,void,void,void,void,void,void,void,void,void,void,void,void,void,void,void,void,void,void,void,void,void,void,void,void,void,void,void,void,void,void,void,void,void,void,void,void,void,void,void,void,void,void,void,void,void,void,void,void,void,void,void,void,void,void,void,void,void,void,void,void,void,void,void,void,void,void,void,void,void,void,void,void,void,void,void,void,void,void,void,void,void,void,void,void,void
void,void,void,void,void,void,void,void,void,void,void,void,void,void,void,void,void,void,void,void,void,void,void,void,void,void,void,void,void,void,void,void,void,void,void,void,void,void,void,void,void,void,void,void,void,void,void,void,void,void,void,void,void,void,void,void,void,void,void,void,void,void,void,void,void,void,void,void,void,void,void,void,void,void,void,void,void,void,void,void,void,void,void,void,void,void,void,void,void,void,void,void,void,void,void,void,void,void,void,void
void,void,void,void,void,void,void,void,void,void,void,void,void,void,void,void,void,void,void,void,void,void,void,void,void,void,void,void,void,void,void,void,void,void,void,void,void,void,void,void,void,void,void,void,void,void,void,void,void,void,void,void,void,void,void,void,void,void,void,void,void,void,void,void,void,void,void,void,void,void,void,void,void,void,void,void,void,void,void,void,void,void,void,void,void,void,void,void,void,void,void,void,void,void,void,void,void,void,void,void
void,void,void,void,void,void,void,void,void,void,void,void,void,void,void,void,void,void,void,void,void,void,void,void,void,void,void,void,void,void,void,void,void,void,void,void,void,void,void,void,void,void,void,void,void,void,void,void,void,void,void,void,void,void,void,void,void,void,void,void,void,void,void,void,void,void,void,void,void,void,void,void,void,void,void,void,void,void,void,void,void,void,void,void,void,void,void,void,void,void,void,void,void,void,void,void,void,void,void,void
void,void,void,void,void,void,void,void,void,void,void,void,void,void,void,void,void,void,void,void,void,void,void,void,void,void,void,void,void,void,void,void,void,void,void,void,void,void,void,void,void,void,void,void,void,void,void,void,void,void,void,void,void,void,void,void,void,void,void,void,void,void,void,void,void,void,void,void,void,void,void,void,void,void,void,void,void,void,void,void,void,void,void,void,void,void,void,void,void,void,void,void,void,void,void,void,void,void,void,void
void,void,void,void,void,void,void,void,void,void,void,void,void,void,void,void,void,void,void,void,void,void,void,void,void,void,void,void,void,void,void,void,void,void,void,void,void,void,void,void,void,void,void,void,void,void,void,void,void,void,void,void,void,void,void,void,void,void,void,void,void,void,void,void,void,void,void,void,void,void,void,void,void,void,void,void,void,void,void,void,void,void,void,void,void,void,void,void,void,void,void,void,void,void,void,void,void,void,void,void
void,void,void,void,void,void,void,void,void,void,void,void,void,void,void,void,void,void,void,void,void,void,void,void,void,void,void,void,void,void,void,void,void,void,void,void,void,void,void,void,void,void,void,void,void,void,void,void,void,void,void,void,void,void,void,void,void,void,void,void,void,void,void,void,void,void,void,void,void,void,void,void,void,void,void,void,void,void,void,void,void,void,void,void,void,void,void,void,void,void,void,void,void,void,void,void,void,void,void,void
void,void,void,void,void,void,void,void,void,void,void,void,void,void,void,void,void,void,void,void,void,void,void,void,void,void,void,void,void,void,void,void,void,void,void,void,void,void,void,void,void,void,void,void,void,void,void,void,void,void,void,void,void,void,void,void,void,void,void,void,void,void,void,void,void,void,void,void,void,void,void,void,void,void,void,void,void,void,void,void,void,void,void,void,void,void,void,void,void,void,void,void,void,void,void,void,void,void,void,void
void,void,void,void,void,void,void,void,void,void,void,void,void,void,void,void,void,void,void,void,void,void,void,void,void,void,void,void,void,void,void,void,void,void,void,void,void,void,void,void,void,void,void,void,void,void,void,void,void,void,void,void,void,void,void,void,void,void,void,void,void,void,void,void,void,void,void,void,void,void,void,void,void,void,void,void,void,void,void,void,void,void,void,void,void,void,void,void,void,void,void,void,void,void,void,void,void,void,void,void
